resume_tools,jd_tools,label
"NodeJS, Power BI, Redis, FastAPI, Tableau, Kafka","GitHub, MongoDB, Cypress, Power BI, Kubernetes, Angular",0.18381152346730234
"Angular, Django, Cypress, Linux, Bash, PyTorch, Flask, RabbitMQ","MongoDB, ReactJS, Terraform, Spring Boot, Tableau, Selenium, Linux, Docker",0.09111707652704071
"Figma, Spring Boot, MongoDB, Canva","Tableau, ReactJS, AWS, Cypress, Redis, Azure",0.30940586818175186
"Ansible, Git, Illustrator, MongoDB","Jenkins, Photoshop, Docker, AWS, Spring Boot",0.0
"Selenium, Ansible, Terraform, MongoDB","FastAPI, RabbitMQ, Jenkins, Photoshop",0.0444397226520456
"FastAPI, Kafka, Jenkins, GCP, Photoshop, Bash, Linux, Cypress","Ansible, Cypress, Selenium, Kubernetes, Elasticsearch",0.3594474111930017
"Figma, Power BI, Git, Linux, Azure, GCP","MongoDB, GitLab, Figma, Azure, Power BI, MySQL",0.362187944314367
"GitHub, Illustrator, AWS, Git, Tableau","Kubernetes, PyTorch, Bash, Git, Docker, Selenium, MongoDB",0.19137434826167515
"NodeJS, Docker, Illustrator, Cypress, Ansible, Azure","PostgreSQL, GitHub, FastAPI, Flask, GitLab, MongoDB, Illustrator",0.1704877801908522
"RabbitMQ, Docker, GCP, Selenium","Elasticsearch, Photoshop, MongoDB, Kubernetes, Django, Tableau",0.1327491080578205
"GCP, Illustrator, PostgreSQL, RabbitMQ, Angular, MongoDB, Jenkins, PyTorch","Tableau, Elasticsearch, Redis, TensorFlow, MySQL, PostgreSQL, PyTorch, Terraform",0.3618243456569811
"Illustrator, MongoDB, Ansible, PostgreSQL, Flask, Cypress, TensorFlow","Figma, Tableau, Selenium, Flask, MongoDB, Terraform, Kafka, GitLab",0.4995099166622247
"NodeJS, Photoshop, Ansible, Figma","Azure, Linux, Docker, TensorFlow, MongoDB, GitLab",0.4070668356117999
"GitHub, Illustrator, Bash, VueJS, Tableau","VueJS, Spring Boot, Power BI, Docker, Canva, Terraform",0.1884081585289209
"NodeJS, RabbitMQ, Cypress, Terraform, Photoshop","MongoDB, MySQL, Jenkins, Spring Boot, TensorFlow",0.15161723623765108
"Figma, Azure, Redis, Django, Selenium, RabbitMQ, FastAPI, PyTorch","PyTorch, VueJS, ReactJS, Jenkins, Azure, FastAPI, Flask",0.10998555436088095
"Tableau, TensorFlow, Selenium, Ansible, ReactJS, Kafka","PyTorch, Angular, GitLab, MongoDB, Linux, Git, Figma, Illustrator",0.15851807158440348
"Flask, MongoDB, Kubernetes, Cypress, VueJS","AWS, Terraform, Angular, Linux, GitHub, Git, Docker",0.18125883757958516
"TensorFlow, Redis, Canva, Ansible","Kafka, Cypress, PostgreSQL, Photoshop",0.18562602279619095
"FastAPI, Kubernetes, Elasticsearch, Ansible, Cypress, MySQL, Figma, TensorFlow","Flask, PostgreSQL, Jenkins, Docker, Ansible, Selenium, Django, Linux",0.5274366281263991
"GCP, VueJS, Figma, Flask, Redis, PostgreSQL","Terraform, Angular, VueJS, Figma, FastAPI, Flask, Bash, Azure",0.5283688085467731
"GitHub, Git, GitLab, Selenium","NodeJS, Redis, Selenium, Angular, GitLab, GitHub, ReactJS, PostgreSQL",0.2667756051167089
"Tableau, Jenkins, Selenium, RabbitMQ, Illustrator, AWS","Git, ReactJS, PyTorch, MongoDB, Illustrator",0.5484108897613249
"Django, GitLab, Cypress, AWS","Angular, MySQL, GitLab, Illustrator",0.18237177051589898
"Linux, Angular, Figma, Photoshop, Tableau, GitHub, Jenkins, RabbitMQ","Figma, Photoshop, Terraform, Git, GitLab, FastAPI, Cypress",0.14511254934527518
"Elasticsearch, Illustrator, Terraform, AWS, GCP","Illustrator, MongoDB, Elasticsearch, Cypress",0.48608679948568656
"ReactJS, Power BI, Redis, Docker, Canva","Redis, MongoDB, Bash, Linux, VueJS, Azure, GitLab, Tableau",0.27466598254131774
"PyTorch, MongoDB, Tableau, Terraform","TensorFlow, Power BI, Ansible, Kubernetes",0.5230772402404131
"Elasticsearch, NodeJS, TensorFlow, Flask, Tableau, Canva, Illustrator","Tableau, Cypress, VueJS, TensorFlow, Bash, Elasticsearch, FastAPI, ReactJS",0.5131455774506322
"Spring Boot, MongoDB, Figma, Redis, TensorFlow, Azure, Git, Power BI","GitHub, Jenkins, Cypress, Azure, FastAPI, Git, TensorFlow",0.2040592283250285
"FastAPI, MySQL, Django, Illustrator, Terraform, Git, MongoDB, Ansible","AWS, MySQL, Linux, PyTorch, Redis",0.28461621440413315
"TensorFlow, Redis, Figma, Git, Angular, Terraform","FastAPI, Kafka, NodeJS, Ansible, Azure, PyTorch, TensorFlow, Illustrator",0.4972492278886532
"Git, Jenkins, PostgreSQL, Elasticsearch","Redis, Git, Azure, RabbitMQ, FastAPI",0.14582379259239958
"Docker, GitLab, GCP, FastAPI, Power BI, MongoDB, Jenkins, Git","Canva, Django, ReactJS, PyTorch, Selenium, Figma",0.15135746321631
"Illustrator, MySQL, Angular, GCP, Cypress, Terraform, AWS, Ansible","Canva, Spring Boot, Selenium, Azure, Terraform",0.18081762778123964
"GCP, MySQL, Angular, Illustrator, RabbitMQ, Kafka, Tableau","Azure, GCP, Cypress, Django",0.09778136115454672
"Bash, Kubernetes, Angular, Redis, Tableau, Jenkins, VueJS, Canva","Photoshop, PostgreSQL, Selenium, Flask",0.5755119310399386
"ReactJS, Azure, Figma, PyTorch, Power BI, Bash, Selenium, GCP","Terraform, Redis, Kubernetes, Figma, Ansible, AWS, Selenium, Elasticsearch",0.13771981521401078
"GitLab, RabbitMQ, Linux, Git, Redis","GCP, Django, Photoshop, Flask, Azure, Kafka, Power BI",0.5732263954588481
"RabbitMQ, MySQL, Git, Kafka, Angular, Ansible, Jenkins","PyTorch, MySQL, Flask, MongoDB, Git, Cypress, Figma, Ansible",0.5084190631698664
"PostgreSQL, Flask, GitHub, Azure, GitLab, Power BI","RabbitMQ, Git, VueJS, Docker, GitHub, TensorFlow",0.42073500167079536
"Tableau, Selenium, Canva, Angular, Illustrator","MySQL, Canva, FastAPI, PostgreSQL, Redis, RabbitMQ, GitLab, Power BI",0.20739750774020882
"Kubernetes, PyTorch, GitHub, PostgreSQL, Canva, GitLab, FastAPI, TensorFlow","Canva, Git, GitHub, Figma",0.3948525506374227
"Elasticsearch, Selenium, Angular, Spring Boot","Cypress, RabbitMQ, Ansible, GCP, PostgreSQL",0.14251969774743006
"Bash, Linux, AWS, Jenkins","Azure, Git, Bash, NodeJS",0.19135173492632404
"ReactJS, RabbitMQ, AWS, Django, GitLab, Flask","PostgreSQL, Selenium, Power BI, Jenkins, Kubernetes, AWS, Angular",0.4299287384896865
"Power BI, MongoDB, Elasticsearch, Django, Terraform, Figma, Tableau, Ansible","PyTorch, Elasticsearch, Angular, RabbitMQ, PostgreSQL, Ansible, Tableau, GitHub",0.1640179897868258
"GitLab, Tableau, RabbitMQ, Kafka, Illustrator","TensorFlow, Elasticsearch, Django, Cypress, PyTorch",0.22118952229908934
"FastAPI, Illustrator, MySQL, Angular, Elasticsearch, Kafka","Tableau, Ansible, Spring Boot, Kafka, GitLab, Canva, GCP, PostgreSQL",0.3918992345711884
"NodeJS, TensorFlow, MySQL, Ansible, Tableau, Elasticsearch","Jenkins, NodeJS, Photoshop, Azure, Docker",0.11216560962000735
"VueJS, Flask, Power BI, PyTorch, GitHub, Elasticsearch, ReactJS, RabbitMQ","Docker, Illustrator, GitHub, MySQL, Angular, Elasticsearch, TensorFlow",0.19529356210157003
"Flask, MySQL, Illustrator, GitLab","Flask, Terraform, Power BI, Illustrator, VueJS, Photoshop, Redis, GCP",0.26683809354267074
"GitHub, Canva, Git, PyTorch, Jenkins, VueJS, TensorFlow","Elasticsearch, Ansible, TensorFlow, Git",0.18994292421292766
"MySQL, Docker, Azure, FastAPI, TensorFlow, Power BI, Spring Boot","TensorFlow, ReactJS, GitLab, Spring Boot, Cypress, FastAPI",0.2449375923036779
"Elasticsearch, Terraform, Tableau, Power BI, Canva, RabbitMQ, Figma","Django, Power BI, GitLab, Ansible, Terraform, Tableau",0.17947012987944494
"Elasticsearch, Azure, Angular, Kafka, MySQL, Canva","MongoDB, Elasticsearch, Kafka, Cypress, Kubernetes",0.15296856566832315
"Figma, Azure, Elasticsearch, Selenium, MongoDB, Cypress, GitHub, Terraform","RabbitMQ, Elasticsearch, GitHub, Redis, Azure, Figma, FastAPI",0.14994481125423728
"PyTorch, Elasticsearch, Photoshop, Selenium, FastAPI, Terraform, Django","Photoshop, MongoDB, Spring Boot, Selenium",0.2732799725100422
"Flask, GitHub, VueJS, Canva, Redis","MongoDB, TensorFlow, Canva, Power BI",0.44341572521314504
"Terraform, Tableau, Docker, Bash, Flask","Ansible, VueJS, Illustrator, Canva, Flask, Terraform",0.4651934606830279
"MySQL, Kubernetes, Ansible, Django, Tableau","GitHub, Kubernetes, Bash, Jenkins",0.605098449840768
"Linux, TensorFlow, Azure, Selenium, Power BI, FastAPI","Selenium, Elasticsearch, NodeJS, Spring Boot, Azure",0.3266153384477222
"AWS, TensorFlow, Selenium, MongoDB","Kafka, TensorFlow, Kubernetes, PostgreSQL, Redis, GitHub, PyTorch",0.5559174216798309
"Django, Redis, Flask, Linux, PostgreSQL, Canva, Jenkins","Canva, Figma, RabbitMQ, Bash",0.5668066625471588
"Photoshop, Git, PostgreSQL, Figma, Bash","Ansible, Django, Illustrator, PyTorch, Cypress, Photoshop, Jenkins, Docker",0.3217092552771273
"Photoshop, MySQL, Elasticsearch, Azure, FastAPI","Illustrator, Elasticsearch, Tableau, Flask",0.23202810630904158
"Ansible, FastAPI, PostgreSQL, GCP, AWS, MySQL, TensorFlow, Illustrator","Docker, Power BI, Canva, Flask",0.25011405939782233
"MySQL, Django, Linux, GitLab, TensorFlow, Redis, Illustrator","AWS, RabbitMQ, Angular, GCP, Linux, FastAPI, Elasticsearch",0.5790862286272906
"Git, Terraform, FastAPI, PostgreSQL, Selenium","Photoshop, Kubernetes, ReactJS, PyTorch",0.21661394613758564
"TensorFlow, Cypress, Ansible, FastAPI, NodeJS, Jenkins, Selenium","Canva, Terraform, Azure, Git, Ansible, Kafka, VueJS, PyTorch",0.1841049316768723
"Canva, Selenium, Tableau, VueJS, ReactJS, Angular, Docker","Tableau, Git, ReactJS, Redis, Azure, Django",0.5756949991239811
"Angular, Flask, ReactJS, Azure, Git, Ansible","Kafka, AWS, Power BI, Docker",0.21419399955837845
"Kubernetes, Jenkins, Angular, Linux","Jenkins, Git, Tableau, GitHub",0.5942177683446634
"Azure, Elasticsearch, Django, RabbitMQ, Cypress, MongoDB, Docker","Photoshop, Figma, FastAPI, NodeJS, RabbitMQ, ReactJS",0.43270453414351023
"MySQL, Azure, AWS, Flask, Kafka, Git","Flask, Bash, Terraform, Django, GitHub, GCP",0.16405126066677328
"Selenium, Figma, Git, NodeJS, VueJS, PyTorch, Power BI","GCP, GitLab, Kafka, VueJS, Redis, Jenkins",0.6048396958911384
"RabbitMQ, Elasticsearch, NodeJS, PostgreSQL, Angular, Spring Boot, Bash","Canva, Illustrator, Selenium, GitHub",0.5125143675592226
"Docker, FastAPI, Linux, Azure, Jenkins, Illustrator, Angular, AWS","MongoDB, Tableau, ReactJS, Kubernetes",0.2311236901166131
"Azure, PostgreSQL, Terraform, MySQL, Canva, PyTorch","Photoshop, Flask, Bash, Azure, VueJS, Kafka, Elasticsearch",0.2682434408111023
"Canva, Azure, TensorFlow, GCP, GitLab, Jenkins, MySQL, Linux","Bash, Cypress, PostgreSQL, AWS, Power BI, GitLab, MongoDB",0.4188459802854464
"Photoshop, Git, Illustrator, Django, Docker","Django, GitLab, Terraform, VueJS, RabbitMQ",0.5501793648706277
"Figma, Django, Ansible, AWS","Kafka, Linux, Azure, MongoDB, Redis, Terraform",0.5578103485275587
"MySQL, TensorFlow, Power BI, Redis, Tableau, Kubernetes","Django, Spring Boot, Ansible, FastAPI",0.20588091100983882
"AWS, Tableau, Azure, Figma, VueJS, GitLab","Git, Tableau, Canva, Docker",0.5179420720121182
"Kubernetes, Angular, Azure, Terraform, PyTorch, Tableau, Git, MongoDB","RabbitMQ, TensorFlow, Jenkins, Ansible, Kafka, Elasticsearch, Docker, Tableau",0.5372309836333699
"Azure, Kubernetes, Tableau, NodeJS, Angular","GCP, MySQL, PostgreSQL, Jenkins, Angular",0.5473577764202289
"MongoDB, PostgreSQL, NodeJS, Terraform, Linux","Terraform, FastAPI, Django, Spring Boot",0.5475865105273706
"ReactJS, Selenium, Flask, VueJS, Cypress, PostgreSQL, Linux, MySQL","Kafka, GCP, FastAPI, Terraform, PyTorch, Django, TensorFlow",0.424960006459207
"RabbitMQ, Selenium, Canva, MySQL, Flask, Spring Boot, Azure, GitLab","Figma, MongoDB, Docker, GitLab, VueJS, ReactJS, Tableau, Flask",0.305312261054264
"Redis, GitLab, MongoDB, Jenkins, PostgreSQL, AWS, Bash, TensorFlow","Figma, Power BI, AWS, MySQL, Spring Boot",0.2553966837605389
"Ansible, AWS, MySQL, VueJS, Jenkins, Photoshop, PyTorch, FastAPI","Redis, PostgreSQL, Flask, Elasticsearch, MongoDB",0.1741171195094262
"VueJS, NodeJS, GitHub, Photoshop, AWS","GitHub, Flask, Bash, Kubernetes",0.49428563732791103
"Flask, RabbitMQ, Docker, Elasticsearch, Ansible, Azure, Kafka, Canva","GCP, NodeJS, Azure, Kubernetes, Selenium, AWS, GitLab",0.24387716038767016
"ReactJS, AWS, Cypress, Docker, FastAPI","Bash, PostgreSQL, Ansible, GitLab, Spring Boot, GCP, Redis, Kubernetes",0.4811268699783071
"Selenium, Illustrator, Cypress, Django, Azure, PostgreSQL, AWS","ReactJS, Cypress, PyTorch, Spring Boot",0.20192960871220753
"PostgreSQL, Tableau, GitLab, Power BI","Azure, Cypress, Photoshop, Power BI, AWS",0.5714551897728123
"RabbitMQ, Power BI, MongoDB, Bash, Redis, Photoshop, FastAPI","Jenkins, PyTorch, Figma, Power BI, Kubernetes, Cypress, GitHub",0.45053438098034704
"TensorFlow, Terraform, Kafka, PostgreSQL, Angular, Spring Boot, Power BI, Azure","MongoDB, Linux, Spring Boot, GCP",0.27092163333904434
"Docker, Power BI, Figma, Linux","AWS, NodeJS, Power BI, Cypress, TensorFlow",0.4112210098824258
"RabbitMQ, PyTorch, MySQL, MongoDB","Git, Figma, Kafka, GCP, Photoshop",0.23897726817370585
"Redis, Canva, GCP, GitLab","GitHub, Terraform, Docker, Git, Kafka, PostgreSQL",0.41941723595928543
"Canva, PyTorch, MySQL, Photoshop, Figma, GCP, Selenium, GitLab","Jenkins, Illustrator, Canva, Photoshop, GitHub",0.14207339667191818
"Kubernetes, Selenium, Azure, Linux, Elasticsearch","Kafka, Redis, AWS, Linux, Git, Selenium",0.19309899285165574
"Jenkins, Git, Illustrator, FastAPI, TensorFlow, MongoDB","Linux, Django, Angular, Canva, Redis, Power BI, Ansible, Spring Boot",0.14031899727435168
"Git, MySQL, Illustrator, PyTorch, MongoDB, PostgreSQL, Ansible","Terraform, Linux, Kafka, FastAPI, GitLab, Spring Boot, TensorFlow",0.11843601324518613
"Photoshop, Tableau, VueJS, TensorFlow","Ansible, FastAPI, Linux, NodeJS, Redis",0.4266740323620086
"PyTorch, Django, TensorFlow, Elasticsearch, Kubernetes","Angular, Docker, Kafka, AWS, Bash, Tableau, Jenkins, Power BI",0.4238650439878071
"GitLab, Angular, Terraform, FastAPI","FastAPI, Git, Angular, RabbitMQ, Django, Spring Boot, GCP, Ansible",0.12485519713707358
"FastAPI, TensorFlow, Illustrator, Angular, Figma, ReactJS","Kafka, Flask, Terraform, ReactJS, Power BI",0.5849106302456276
"Figma, Terraform, Flask, ReactJS, TensorFlow, VueJS","Illustrator, Power BI, Spring Boot, Kubernetes",0.45395333469136706
"Kafka, AWS, Django, Cypress, GCP, Ansible, Terraform","PostgreSQL, Git, AWS, Redis, Spring Boot, GitLab",0.24339284027206018
"Django, RabbitMQ, Spring Boot, Power BI, AWS, GCP, VueJS","AWS, ReactJS, PostgreSQL, Terraform, Photoshop, Jenkins",0.41327224818901925
"Canva, TensorFlow, GCP, Jenkins, Figma","AWS, Cypress, TensorFlow, MongoDB, GitHub, Elasticsearch, Git, Django",0.14194063175181743
"TensorFlow, GitHub, ReactJS, Elasticsearch, Tableau, FastAPI, VueJS","Selenium, GitHub, ReactJS, GitLab, Power BI, Illustrator, Terraform",0.13327512691069535
"Figma, GitLab, Illustrator, Power BI","Power BI, Illustrator, TensorFlow, Terraform",0.4447125181568876
"Terraform, Bash, Docker, Ansible","Jenkins, Canva, GitHub, MySQL, Power BI",0.2732210331761985
"GitLab, Canva, Figma, Kafka, Azure, Ansible","Selenium, Ansible, Tableau, GitHub, Cypress, MongoDB, Git",0.4324041435918058
"Redis, Linux, FastAPI, Kafka, Terraform, PostgreSQL, GitLab","Tableau, Kubernetes, Docker, PostgreSQL, GCP, Linux",0.19328254496656175
"Power BI, Docker, Illustrator, PostgreSQL, Cypress, TensorFlow","Tableau, NodeJS, Jenkins, PostgreSQL, Linux",0.4330209107179195
"Docker, PyTorch, VueJS, Photoshop","Spring Boot, Power BI, TensorFlow, Django, Tableau, Illustrator, GitHub",0.2213973367067873
"Django, Git, Photoshop, GCP, Kubernetes, Power BI, TensorFlow, Ansible","Angular, Spring Boot, Ansible, RabbitMQ, Power BI, MySQL",0.1621204578606587
"Selenium, Kafka, Git, Bash, GitLab, Illustrator, PostgreSQL, Azure","Spring Boot, Canva, Ansible, FastAPI, Kafka, Angular",0.45167925404169257
"Canva, Linux, Azure, PyTorch, Photoshop, AWS, RabbitMQ, FastAPI","TensorFlow, Git, MySQL, Linux",0.28219042013541595
"Flask, AWS, Bash, MongoDB, PostgreSQL, Power BI","Kubernetes, Flask, Figma, RabbitMQ, Tableau, AWS, ReactJS",0.2634573347030627
"Tableau, Django, Kubernetes, Git, Kafka, Angular","MySQL, PostgreSQL, NodeJS, Docker, Git, Linux",0.10331406699076623
"GCP, Redis, Selenium, Azure, RabbitMQ","Ansible, GCP, PostgreSQL, Spring Boot, Jenkins, Flask, Illustrator, Canva",0.15241750873058935
"MySQL, Figma, GCP, GitHub, Terraform","NodeJS, Kubernetes, Photoshop, AWS, PostgreSQL, GitLab, MySQL",0.3917510352662749
"Git, Cypress, RabbitMQ, Linux, Elasticsearch, Canva","Canva, Photoshop, Docker, Azure, Selenium, Terraform",0.5412722368130052
"ReactJS, Linux, GitHub, Terraform","Spring Boot, Canva, Illustrator, Selenium",0.11041300152511743
"Spring Boot, Docker, NodeJS, Power BI, Bash, TensorFlow, Git, Linux","Angular, MongoDB, Photoshop, Flask, Linux, Elasticsearch",0.2601225144240523
"Illustrator, Linux, Spring Boot, Terraform, PyTorch, Bash","Canva, Docker, AWS, NodeJS",0.28902233476350836
"Azure, Flask, Kafka, PostgreSQL, Terraform, Illustrator, Figma, Selenium","Elasticsearch, MySQL, PostgreSQL, Jenkins",0.27980310014408855
"Jenkins, MongoDB, Angular, Git, AWS, Flask, Ansible","GitHub, PyTorch, NodeJS, Cypress, MySQL",0.28949723996055715
"AWS, MySQL, Flask, NodeJS, VueJS","Figma, Redis, Tableau, ReactJS, VueJS",0.22993577360835682
"ReactJS, Spring Boot, Elasticsearch, Bash, Redis, Kubernetes, Tableau","VueJS, GitLab, FastAPI, Elasticsearch, Figma, Jenkins, Git",0.3896317277328623
"Angular, MongoDB, Jenkins, PostgreSQL, ReactJS, Figma, Linux","Redis, GCP, Elasticsearch, Illustrator, Bash",0.39875329723152536
"MongoDB, FastAPI, GitHub, NodeJS, Tableau","Canva, Photoshop, RabbitMQ, Spring Boot, Kafka, Power BI",0.16714255124427538
"Git, PyTorch, GitHub, RabbitMQ","FastAPI, Django, Figma, Tableau, Terraform",0.5457437219132252
"VueJS, PostgreSQL, MySQL, Linux, FastAPI, Redis","Cypress, GCP, PyTorch, Azure, Angular",0.12445079418543523
"AWS, Linux, GitHub, MySQL, Tableau, Illustrator, Angular, Cypress","MongoDB, Selenium, NodeJS, Jenkins, GCP, VueJS, ReactJS, Canva",0.1426422899159499
"Ansible, FastAPI, GitLab, Kafka, Power BI, ReactJS, RabbitMQ","AWS, Jenkins, Power BI, Angular, MySQL",0.19282003091205746
"Illustrator, Jenkins, GitLab, Angular, Kafka, VueJS","Django, TensorFlow, Canva, Photoshop, GCP",0.5318599106298219
"GitLab, Terraform, Jenkins, AWS, Cypress","Elasticsearch, Selenium, Linux, Jenkins, MongoDB, Canva, Figma",0.5716195188924438
"Azure, Linux, Illustrator, Jenkins, VueJS, Photoshop","Flask, Docker, GCP, Jenkins",0.3817969512783084
"Flask, Spring Boot, NodeJS, Kafka, Git, Figma, Terraform, Azure","Ansible, Terraform, Azure, MongoDB, Django, TensorFlow, Power BI, GitLab",0.39322786970767415
"Canva, Redis, ReactJS, Azure, Ansible, Flask, TensorFlow, GitHub","PostgreSQL, RabbitMQ, Redis, Flask, Bash",0.4644600074025341
"Kubernetes, Docker, Elasticsearch, Kafka, Django","Elasticsearch, Photoshop, GitLab, Azure, Flask, Git",0.114490073822923
"FastAPI, Figma, Azure, GitLab, MongoDB, Tableau, NodeJS, Selenium","Terraform, Illustrator, GitLab, Django, MySQL, Bash",0.27434182323153167
"NodeJS, MySQL, GitLab, MongoDB, Terraform, Cypress, Ansible","ReactJS, Docker, Power BI, Elasticsearch, Illustrator, Git, Terraform, Azure",0.5047682722996442
"Illustrator, Kafka, VueJS, MySQL, Photoshop","GCP, Linux, Terraform, TensorFlow, Angular",0.224060408514765
"Kafka, RabbitMQ, Angular, Selenium, Linux","NodeJS, Illustrator, PyTorch, Power BI, GitLab, AWS, Git",0.5028193010406792
"GitLab, Illustrator, GCP, Selenium, Figma, Flask, RabbitMQ","Selenium, Figma, GCP, Redis, Bash, MySQL",0.4050554446192652
"GCP, Photoshop, Azure, Spring Boot, Cypress, MongoDB, Kubernetes, RabbitMQ","Bash, PostgreSQL, Illustrator, Photoshop",0.12540709714920192
"Illustrator, GitLab, Kubernetes, NodeJS, GitHub","Django, Docker, Figma, Git, Ansible, Kafka, Tableau, Photoshop",0.24503422595207128
"Flask, Ansible, VueJS, Linux","Git, ReactJS, Tableau, Flask, Canva, Elasticsearch",0.433653869061028
"GCP, Terraform, PostgreSQL, Azure, Ansible, Kafka, Angular, Power BI","Spring Boot, Cypress, RabbitMQ, Angular, Linux, Django, GitLab",0.25310571604497833
"GitLab, Docker, Linux, RabbitMQ","Flask, Tableau, Linux, Kubernetes, AWS, Illustrator",0.5736278924105698
"VueJS, Docker, Figma, GitHub, MySQL, Kubernetes, RabbitMQ","Photoshop, MongoDB, TensorFlow, Angular",0.5330506357527816
"GitHub, Flask, GitLab, Illustrator, Bash, Canva","Canva, Kafka, Bash, VueJS, Selenium",0.16404219793529876
"GitHub, Illustrator, Elasticsearch, Spring Boot, RabbitMQ","PostgreSQL, RabbitMQ, Elasticsearch, Docker, GitLab, GCP, MySQL, ReactJS",0.4953086712307825
"MySQL, Tableau, Elasticsearch, PostgreSQL, Cypress, GCP, GitHub, TensorFlow","MySQL, GitHub, FastAPI, Illustrator",0.2664192895372481
"NodeJS, Terraform, Selenium, Kafka","Flask, Canva, Illustrator, Docker, PostgreSQL, Jenkins",0.1456581462721257
"FastAPI, Flask, Cypress, ReactJS, Terraform, AWS","Tableau, Angular, Illustrator, Cypress, TensorFlow, Jenkins, Terraform",0.14634120198342931
"PyTorch, PostgreSQL, Git, GitHub, Kubernetes, TensorFlow, Power BI","Power BI, Bash, Photoshop, Git",0.5476774042997457
"Git, GitHub, Flask, ReactJS, GCP, TensorFlow, PostgreSQL","Linux, GitLab, TensorFlow, Terraform, Jenkins, PyTorch, Django, ReactJS",0.3887731898141583
"Illustrator, Flask, Photoshop, GCP, Power BI","AWS, Ansible, RabbitMQ, Tableau, Docker",0.17780184820668407
"FastAPI, Ansible, Git, Elasticsearch, Docker, RabbitMQ","Photoshop, RabbitMQ, Git, VueJS, MongoDB, Kubernetes, TensorFlow, Bash",0.5785339596492162
"MySQL, Redis, Flask, FastAPI, NodeJS, Spring Boot, Power BI","Angular, Figma, PyTorch, Elasticsearch, Redis, Cypress",0.18867387483113404
"Selenium, Git, NodeJS, Kafka, Redis, VueJS, GitLab, GitHub","TensorFlow, Redis, Angular, Terraform, Canva",0.178623951881924
"Bash, Redis, Azure, PostgreSQL","GitHub, Power BI, MongoDB, AWS",0.12816902923050574
"VueJS, Docker, Kafka, Git, MySQL, TensorFlow, NodeJS, Terraform","Terraform, RabbitMQ, AWS, Linux, Git, Spring Boot",0.268896960263053
"Spring Boot, RabbitMQ, Terraform, Ansible, Git, Jenkins, Angular, MongoDB","Jenkins, MongoDB, Azure, Docker, TensorFlow, Kafka, Cypress",0.2795640787993971
"MongoDB, Flask, Canva, PyTorch, Azure, Angular","Jenkins, Elasticsearch, AWS, Ansible",0.43883349119950354
"Git, Canva, GCP, GitLab, ReactJS, AWS","Bash, Selenium, Django, GitHub",0.48871016948660484
"MongoDB, Kafka, ReactJS, Elasticsearch, Git, Kubernetes, GCP, Linux","Ansible, Illustrator, FastAPI, Kafka, Docker, GitHub, GCP, MongoDB",0.5410230776159035
"Flask, Ansible, Azure, RabbitMQ, TensorFlow, Django, ReactJS, Spring Boot","RabbitMQ, Selenium, VueJS, PyTorch, GitHub, Linux, Ansible",0.22170393373854624
"Git, VueJS, Tableau, Kubernetes, Elasticsearch, TensorFlow","RabbitMQ, PyTorch, Django, Bash, Git, GitHub",0.2107693781307144
"Selenium, RabbitMQ, Cypress, PostgreSQL, Linux, AWS","PostgreSQL, TensorFlow, Redis, ReactJS, Illustrator, GitHub",0.27098608148408565
"MySQL, GitHub, AWS, Azure, Selenium","ReactJS, PyTorch, GitLab, Canva",0.12087140923710696
"Azure, MySQL, TensorFlow, FastAPI, Ansible","RabbitMQ, Ansible, Tableau, Cypress, GCP",0.2108580406075452
"Photoshop, FastAPI, Illustrator, Redis","Redis, GitHub, Figma, Azure, GitLab",0.21095402981449551
"Figma, Kafka, Illustrator, Jenkins, Flask, Selenium, Azure","Canva, MongoDB, PyTorch, Linux, Tableau",0.5700085762299341
"PostgreSQL, Terraform, PyTorch, Elasticsearch, Docker, Figma, Tableau","Jenkins, Spring Boot, Angular, Elasticsearch, Ansible, Illustrator, Flask",0.09967239418210017
"Docker, Elasticsearch, Bash, TensorFlow, VueJS","GitHub, MongoDB, Redis, AWS, Docker, NodeJS",0.26858200272357197
"Kubernetes, TensorFlow, MySQL, Cypress, Illustrator, Linux","Canva, ReactJS, GitHub, Redis, Docker, Spring Boot",0.46729233658768954
"GCP, MongoDB, Docker, Power BI, Kafka, Kubernetes","Azure, AWS, GitHub, Jenkins, Terraform",0.09650677209511022
"Spring Boot, Ansible, Selenium, TensorFlow","Bash, FastAPI, MySQL, Angular, ReactJS, Canva, TensorFlow, Jenkins",0.1760404785497082
"Git, Figma, Flask, Spring Boot","Jenkins, Bash, NodeJS, Kubernetes, Ansible",0.5150100958693662
"Terraform, PyTorch, Cypress, Illustrator, TensorFlow","Terraform, GitLab, Django, Spring Boot, Git, GitHub",0.5648744850841162
"MySQL, Spring Boot, GitLab, Docker, PostgreSQL, Tableau, Angular","Kubernetes, Kafka, Django, Terraform",0.13448633612223293
"Docker, Tableau, Selenium, AWS","Canva, MongoDB, NodeJS, GitLab, Figma",0.22359084170632154
"VueJS, GCP, ReactJS, Spring Boot, FastAPI","PostgreSQL, Git, GitHub, Elasticsearch, Photoshop, Docker",0.4024098888134963
"TensorFlow, Cypress, Flask, Jenkins","Kubernetes, Azure, Flask, GCP, MongoDB, Ansible, Django, Linux",0.45167782062659995
"MongoDB, MySQL, Illustrator, Flask, Canva, NodeJS","Git, TensorFlow, Power BI, Canva, VueJS, Elasticsearch",0.46165568299964993
"Tableau, PyTorch, Bash, Photoshop, Flask","Kafka, ReactJS, Elasticsearch, Bash, Kubernetes, Photoshop, Canva",0.13183351031297613
"Docker, Kafka, AWS, Photoshop, GitLab, PyTorch, Canva","AWS, Jenkins, Bash, Tableau, MySQL, TensorFlow",0.5217785852377049
"FastAPI, Selenium, Flask, Canva, AWS, GitLab, VueJS","Linux, Angular, MongoDB, Terraform, Figma, GCP",0.46102309620175475
"Azure, Terraform, Docker, Selenium, Redis, TensorFlow, Git","Redis, Terraform, Photoshop, PyTorch, Azure",0.10300260665646913
"Linux, Spring Boot, Kafka, Bash, Angular","PostgreSQL, ReactJS, Docker, Linux",0.20251380433843552
"Tableau, Kafka, Canva, GitLab, GCP, Azure, Jenkins","Spring Boot, GCP, Tableau, Bash, Django, Docker",0.193139246237025
"Selenium, PostgreSQL, Spring Boot, Illustrator, PyTorch, Power BI","Redis, PostgreSQL, Canva, Kafka",0.1333233008472074
"MongoDB, FastAPI, TensorFlow, Photoshop, Bash","VueJS, Flask, ReactJS, Spring Boot, Linux, PyTorch, GCP, Ansible",0.2021048255259536
"TensorFlow, Linux, AWS, Bash, RabbitMQ, Angular, Flask","Kafka, Azure, Bash, Elasticsearch, Django",0.10218445653089672
"Ansible, GitLab, Selenium, PostgreSQL, Git, MongoDB, Elasticsearch","Linux, Canva, Spring Boot, MongoDB, Django, Elasticsearch",0.14291659236981197
"Azure, Tableau, Django, Angular, Cypress","Terraform, Git, PostgreSQL, VueJS, Spring Boot, Figma, FastAPI",0.09191642181992299
"AWS, VueJS, Linux, PostgreSQL, Terraform, Canva, GitLab","Photoshop, Tableau, ReactJS, Redis",0.5212319911991632
"Photoshop, Power BI, Terraform, Kafka, Bash, Django, Kubernetes","Kafka, Canva, PyTorch, Selenium, MongoDB, Cypress",0.44111867106765223
"Figma, GitHub, Bash, Elasticsearch, Spring Boot","ReactJS, GitHub, Elasticsearch, Redis",0.3919763278639914
"Angular, Terraform, Power BI, Kubernetes, Cypress","PostgreSQL, Power BI, ReactJS, Bash, Selenium, MySQL, Angular, Cypress",0.20294661748600684
"MongoDB, PyTorch, Kafka, Elasticsearch, TensorFlow, Docker, Photoshop","PyTorch, Django, Angular, GitHub, NodeJS, Illustrator",0.21284609580466285
"Figma, Flask, Tableau, FastAPI, GitLab","GitLab, Jenkins, MongoDB, Cypress, Docker, Linux, Kubernetes, Terraform",0.21242104917443194
"Django, FastAPI, Ansible, TensorFlow, Git, Terraform, Spring Boot","TensorFlow, Bash, RabbitMQ, NodeJS, Git",0.39313808496420866
"GitLab, Azure, Kafka, Django, Elasticsearch, Selenium, RabbitMQ, Linux","Illustrator, Terraform, PostgreSQL, Power BI, Git",0.1231722684039955
"Flask, Cypress, FastAPI, Illustrator, GitLab, GCP, Git","RabbitMQ, NodeJS, TensorFlow, PyTorch, Linux",0.39234296384850953
"Canva, Docker, Bash, Flask, TensorFlow, Selenium","Photoshop, RabbitMQ, Illustrator, VueJS, Spring Boot, Linux, PostgreSQL",0.5518881803948532
"Cypress, AWS, Elasticsearch, Kafka, Angular, ReactJS","Docker, Illustrator, Flask, Linux, Kafka, Cypress, Angular",0.18308203435380924
"Redis, Spring Boot, Photoshop, GitHub, Figma, Docker","Docker, Figma, ReactJS, RabbitMQ, Photoshop",0.24463332919254202
"MySQL, Elasticsearch, Photoshop, Selenium, AWS, Kafka, Flask","MongoDB, Docker, Terraform, Flask",0.11486062471923805
"Illustrator, TensorFlow, Terraform, Figma, FastAPI, MySQL, Tableau","Selenium, Terraform, MySQL, RabbitMQ",0.18578128817173398
"Kubernetes, Kafka, Selenium, Illustrator, FastAPI, AWS, RabbitMQ","PostgreSQL, VueJS, MongoDB, Azure, Terraform, Flask, ReactJS",0.2047079859984064
"Flask, Power BI, PyTorch, Figma, Illustrator","Spring Boot, Redis, VueJS, Photoshop, Illustrator, Figma",0.23541317346386356
"MySQL, Power BI, Terraform, Figma, MongoDB, AWS, GCP","Cypress, Docker, Linux, Terraform, Selenium, Illustrator",0.26516676375563997
"Illustrator, TensorFlow, GCP, GitLab, Linux","Git, Ansible, RabbitMQ, Canva, Jenkins, Illustrator, Redis, Kafka",0.2652526846629864
"FastAPI, AWS, PyTorch, MongoDB, PostgreSQL, Figma, Azure, Redis","GCP, Tableau, PostgreSQL, Azure, Spring Boot, Django, FastAPI",0.5363832078373705
"VueJS, Kubernetes, Bash, Selenium, Ansible","Azure, GCP, FastAPI, Terraform, MongoDB, Spring Boot, Elasticsearch",0.39537481972659505
"Canva, VueJS, RabbitMQ, Power BI, Jenkins, PostgreSQL, Git, Photoshop","Spring Boot, AWS, Selenium, Azure, Flask, Jenkins",0.5654588836282349
"Git, GitLab, Photoshop, PyTorch, GitHub, RabbitMQ, Bash","VueJS, GitLab, Elasticsearch, PostgreSQL, Illustrator, Bash",0.38594976238515116
"PostgreSQL, Git, Power BI, Azure, RabbitMQ, Tableau, Elasticsearch, TensorFlow","PostgreSQL, PyTorch, Selenium, Canva, Django, Flask",0.11587053663620553
"Photoshop, MongoDB, Azure, Bash","Kubernetes, Jenkins, Flask, MongoDB, RabbitMQ, TensorFlow, ReactJS",0.4954704427803449
"GitHub, Kubernetes, Flask, Cypress, Spring Boot","Kubernetes, Flask, Photoshop, Redis, Terraform, RabbitMQ",0.17614874388041638
"Selenium, Linux, Photoshop, Docker, NodeJS, Canva","Power BI, VueJS, Django, Figma, PyTorch, AWS, Docker, Cypress",0.4458085884958959
"Django, Spring Boot, GitLab, VueJS, Canva","Git, Selenium, Photoshop, Flask, MySQL, Terraform, Docker, Elasticsearch",0.2751515034464697
"Terraform, Selenium, VueJS, Azure, Redis, TensorFlow, Kafka, Tableau","Illustrator, AWS, Kubernetes, Power BI, Redis, Kafka, GitHub",0.11575942222556038
"Selenium, RabbitMQ, Azure, Jenkins, Angular, NodeJS, Git","Angular, Django, Terraform, PyTorch, Linux, Cypress, PostgreSQL, Photoshop",0.49562321738361215
"Django, MySQL, Ansible, VueJS, Git, Spring Boot, Tableau","MongoDB, Terraform, Kafka, Bash, Photoshop, GCP, Docker",0.11471747670013974
"ReactJS, Spring Boot, PostgreSQL, Angular, FastAPI","FastAPI, Tableau, MySQL, Figma, Ansible, Angular, NodeJS",0.5555433373755189
"MongoDB, Photoshop, TensorFlow, Redis","Figma, Tableau, Illustrator, GCP, Linux, RabbitMQ, Photoshop",0.17538844344672558
"Bash, Illustrator, RabbitMQ, PostgreSQL, Django, Elasticsearch, AWS, Git","Angular, VueJS, Figma, ReactJS, NodeJS, Kafka, Kubernetes, Bash",0.46452139886344573
"Figma, Redis, Django, Spring Boot, GCP, Power BI","Terraform, Tableau, FastAPI, Photoshop, Redis, Git",0.42435783334756016
"Canva, Elasticsearch, Ansible, Photoshop, PyTorch, AWS","Power BI, Selenium, NodeJS, TensorFlow",0.19390687422025443
"Spring Boot, Redis, Flask, RabbitMQ, TensorFlow, Ansible","Spring Boot, Tableau, TensorFlow, Cypress, Jenkins, Git",0.48451255432836526
"PyTorch, VueJS, MySQL, Spring Boot","Photoshop, Power BI, Django, Git, TensorFlow",0.5136668108086213
"RabbitMQ, Tableau, Azure, Redis","NodeJS, FastAPI, ReactJS, Redis, VueJS, Figma, Azure, GCP",0.11404825965948898
"Elasticsearch, Azure, Power BI, MySQL, Kubernetes, PostgreSQL, FastAPI, Cypress","MongoDB, Linux, Redis, VueJS, Figma, Kafka, MySQL, FastAPI",0.4444481513542913
"PyTorch, Flask, GitHub, Bash","PyTorch, Jenkins, Django, AWS",0.5745405397577168
"Canva, MongoDB, Redis, Angular, RabbitMQ, Terraform","AWS, Photoshop, Jenkins, NodeJS, PyTorch, Django, Azure",0.10366231185871658
"TensorFlow, Spring Boot, GCP, Docker, Azure","Flask, Redis, Linux, Figma, AWS, Elasticsearch",0.47312901877021446
"Kubernetes, PyTorch, ReactJS, GitLab, Flask, Ansible, NodeJS","MySQL, RabbitMQ, Angular, Linux, Flask",0.5531897449267495
"GCP, Photoshop, Kubernetes, FastAPI, ReactJS, Spring Boot, PostgreSQL, Ansible","NodeJS, Jenkins, Flask, Canva, MongoDB, Django, Illustrator",0.47257212737448917
"Canva, FastAPI, Django, Kafka, Photoshop, GCP, Bash","FastAPI, Power BI, GCP, TensorFlow, MySQL, Kubernetes, Azure",0.1730126116268331
"Figma, Selenium, Docker, NodeJS, Illustrator, PostgreSQL, Kubernetes","Jenkins, Cypress, Docker, Terraform",0.18343732949067118
"Flask, Figma, Ansible, PostgreSQL, Cypress","Azure, Tableau, Kafka, PostgreSQL, Linux, Ansible, GitLab, MySQL",0.46379798155919877
"Ansible, VueJS, GCP, Git","Canva, Elasticsearch, Illustrator, Angular, Terraform, Docker, Bash",0.4929554494318277
"Kubernetes, GitHub, Jenkins, Cypress, GitLab, NodeJS, Selenium","Photoshop, ReactJS, Tableau, Git",0.4531730870943466
"Terraform, RabbitMQ, GitHub, Azure","GitHub, RabbitMQ, Git, Kafka, Kubernetes, Photoshop",0.254261003538428
"Flask, Kubernetes, Tableau, Ansible, Terraform, Angular, Illustrator, GitHub","GitLab, RabbitMQ, Spring Boot, PyTorch, MySQL, PostgreSQL",0.22382284456451151
"PyTorch, Flask, MySQL, GitHub","RabbitMQ, Figma, Selenium, PyTorch, Terraform, Ansible, Azure, Jenkins",0.15352929432848939
"Redis, PyTorch, MySQL, Canva, ReactJS, Tableau, Figma, MongoDB","GitLab, ReactJS, Tableau, Jenkins, GCP, MySQL",0.18469587492015457
"NodeJS, Jenkins, GCP, FastAPI, PyTorch, VueJS, Bash, Linux","Django, Angular, MySQL, TensorFlow, Azure, Kubernetes, NodeJS, Selenium",0.25446750620732433
"ReactJS, AWS, PostgreSQL, Spring Boot, MongoDB, FastAPI, Tableau","Bash, Jenkins, PostgreSQL, MySQL, GitLab, PyTorch",0.2744978144773028
"Tableau, Elasticsearch, Selenium, Django, Git, Figma, TensorFlow","GCP, Azure, FastAPI, PyTorch",0.20424935759179003
"Spring Boot, GCP, GitHub, Kubernetes, FastAPI, Power BI, Docker, Angular","Photoshop, Bash, Redis, Spring Boot, RabbitMQ",0.5141973052006579
"Django, NodeJS, Spring Boot, Linux, ReactJS, Docker, Figma","Linux, GitHub, AWS, Django, MongoDB, TensorFlow",0.13480487374698885
"TensorFlow, ReactJS, Angular, Kubernetes","AWS, RabbitMQ, Photoshop, Docker, Elasticsearch, Azure, Figma, GCP",0.46408978719611427
"Canva, Cypress, Jenkins, Terraform","Bash, Tableau, TensorFlow, PostgreSQL",0.10347410990592301
"RabbitMQ, GCP, Elasticsearch, Jenkins","Linux, ReactJS, NodeJS, Docker",0.49283070726446276
"Flask, Kafka, Elasticsearch, MySQL","Tableau, Angular, TensorFlow, Azure, AWS",0.262048602268068
"Spring Boot, Selenium, Figma, MongoDB, Kafka, Angular, Tableau, Cypress","Selenium, Redis, GCP, Figma, Angular, PyTorch, GitLab, VueJS",0.5429642468640851
"Docker, Cypress, GitLab, Selenium, Kafka","Illustrator, RabbitMQ, Redis, Selenium, TensorFlow, GitHub, Photoshop",0.41308034323950227
"Bash, AWS, Figma, GCP, ReactJS","Bash, Flask, Selenium, Docker, Redis, Kubernetes",0.5430623810239616
"Azure, Jenkins, Kafka, GitLab, Linux, Elasticsearch","Django, RabbitMQ, ReactJS, Flask, TensorFlow, PyTorch, MySQL, Illustrator",0.2820754459224621
"FastAPI, RabbitMQ, VueJS, Bash, Elasticsearch, Jenkins","Figma, Django, GitLab, MongoDB, Linux, MySQL, Ansible",0.45149902252493335
"Terraform, TensorFlow, Jenkins, FastAPI, Redis, VueJS, Illustrator, Django","Flask, RabbitMQ, Canva, AWS, MongoDB, Redis, Bash, Cypress",0.4714459296482838
"VueJS, Photoshop, Illustrator, MongoDB, Ansible","Redis, Illustrator, NodeJS, Spring Boot, Terraform, Django",0.2615944636470058
"Kubernetes, Tableau, Illustrator, ReactJS, MongoDB, Git","Bash, PyTorch, GCP, MySQL, Elasticsearch, Kubernetes, Power BI",0.5311162670762122
"MySQL, Kafka, Canva, Bash, Git, Ansible","ReactJS, Selenium, Redis, Django, Kubernetes, GitHub, RabbitMQ, Linux",0.4806008894862779
"Azure, Redis, Kafka, Jenkins, Spring Boot, Power BI, Terraform","VueJS, MongoDB, Tableau, Ansible, Flask, Terraform",0.22055838572323871
"RabbitMQ, FastAPI, ReactJS, Power BI","Tableau, TensorFlow, Azure, MySQL, FastAPI",0.2806996185300859
"RabbitMQ, AWS, GitLab, Selenium","PostgreSQL, Kubernetes, Elasticsearch, Linux, PyTorch, TensorFlow, Docker",0.5700749019672968
"MySQL, NodeJS, Kafka, Bash, Linux, Elasticsearch, Django, GitLab","VueJS, TensorFlow, Flask, FastAPI, MongoDB",0.16968247006181628
"Spring Boot, GitLab, GCP, Photoshop, Linux","Django, Power BI, Selenium, GitHub, Figma, Spring Boot",0.2199320270739471
"Cypress, Kafka, NodeJS, Redis, AWS, Terraform","MySQL, Illustrator, Canva, Power BI, Figma",0.14939742465632988
"Tableau, RabbitMQ, Photoshop, TensorFlow, Django","RabbitMQ, MySQL, GitLab, Jenkins, ReactJS, Git",0.19926660066102958
"Canva, Selenium, AWS, NodeJS, Flask, Django, Ansible, MongoDB","Cypress, Kafka, Canva, VueJS, Elasticsearch, AWS, Figma, GitHub",0.4795620697234868
"MongoDB, Power BI, Terraform, GCP, Django","Tableau, Flask, ReactJS, Git",0.1393719805829708
"Kafka, MySQL, Bash, Illustrator, TensorFlow, FastAPI","Selenium, Git, MongoDB, Flask, Linux, Jenkins, GitLab, Tableau",0.2187696360596857
"Redis, Elasticsearch, FastAPI, Git","Terraform, Cypress, Power BI, AWS, Tableau, GCP, Linux, Elasticsearch",0.21830899756865602
"VueJS, Ansible, FastAPI, Illustrator, Selenium","Docker, Azure, MongoDB, Bash, PyTorch, Kubernetes, Git",0.2575028980878777
"Django, Power BI, RabbitMQ, Bash, Selenium, GitHub, Angular","Azure, Illustrator, RabbitMQ, VueJS, Docker, Photoshop, Jenkins, Power BI",0.4676552380662866
"Angular, Docker, MySQL, Tableau","VueJS, Flask, Linux, Ansible, Cypress, Docker, Angular, GitHub",0.14720056513601176
"Canva, Elasticsearch, NodeJS, Selenium","Elasticsearch, Power BI, Azure, Cypress, Tableau, GitLab, Spring Boot, Kubernetes",0.1671446983679348
"Kubernetes, Azure, Ansible, AWS","Tableau, Jenkins, Docker, Power BI, Kafka, Canva",0.5467111499456966
"FastAPI, ReactJS, Elasticsearch, AWS, Jenkins, Redis, Azure, Selenium","Bash, FastAPI, Redis, PyTorch, Cypress",0.16734616107220532
"FastAPI, Django, Docker, Power BI, PostgreSQL","NodeJS, PyTorch, PostgreSQL, Docker, Kubernetes, FastAPI, RabbitMQ, Kafka",0.10776018690530129
"ReactJS, Cypress, GitLab, Illustrator","Django, Jenkins, MongoDB, Docker, NodeJS",0.09744925103208588
"Git, NodeJS, Kubernetes, Flask, Figma, AWS","GitHub, PyTorch, Power BI, Angular, Azure, Django, Jenkins, Elasticsearch",0.1370218484861045
"FastAPI, MongoDB, Angular, MySQL, GitHub, Figma","Azure, AWS, NodeJS, Tableau, Redis, Selenium",0.45639997548812744
"Terraform, Ansible, RabbitMQ, Figma, MongoDB, Photoshop","ReactJS, Azure, Flask, Elasticsearch",0.5559262433908221
"MySQL, VueJS, Selenium, Kubernetes, Angular, FastAPI","Terraform, MongoDB, Git, RabbitMQ, Canva",0.16547405820804115
"Django, Power BI, Ansible, Selenium, ReactJS, Redis, Git, TensorFlow","GitHub, TensorFlow, Photoshop, Git, Kafka, Docker, Kubernetes",0.15635456770179393
"Elasticsearch, Spring Boot, AWS, TensorFlow, Terraform, Figma","Cypress, Angular, Selenium, Illustrator, Kubernetes, TensorFlow",0.5562665002719732
"Ansible, Illustrator, VueJS, TensorFlow, Photoshop, Power BI","GitHub, VueJS, Kafka, ReactJS",0.5463458695607561
"GitHub, Power BI, Spring Boot, AWS","Bash, VueJS, Docker, MySQL, RabbitMQ",0.44581872565566455
"Kafka, Illustrator, Docker, Kubernetes, VueJS, Bash, GCP, PostgreSQL","Kubernetes, Git, AWS, GitLab, Illustrator, Photoshop, Redis",0.4764499260419621
"Kubernetes, PostgreSQL, Selenium, Terraform, GitLab, VueJS, Cypress","ReactJS, Canva, VueJS, PostgreSQL",0.5571085134395416
"Kubernetes, TensorFlow, Linux, Kafka, Power BI, Flask, VueJS","Git, Bash, Jenkins, Angular, PostgreSQL",0.2165958895197555
"Bash, Redis, MySQL, Power BI, VueJS, AWS, Jenkins, Azure","Terraform, PyTorch, Linux, Selenium, Kubernetes",0.4464604232613075
"Spring Boot, Illustrator, Docker, MySQL, NodeJS, MongoDB, Figma","RabbitMQ, Figma, Cypress, Azure, ReactJS, Selenium, Kubernetes, Django",0.566546794801793
"Kafka, Terraform, Docker, Redis, Azure","TensorFlow, Illustrator, Angular, Ansible",0.5060640540209166
"Power BI, Redis, Flask, GitHub, Photoshop","MongoDB, Kubernetes, TensorFlow, Figma, ReactJS",0.5057832654514318
"MySQL, FastAPI, Tableau, Django, AWS, Kafka","Kafka, Bash, AWS, Docker, Selenium, Spring Boot, Kubernetes, PyTorch",0.4459214318475025
"Photoshop, TensorFlow, Selenium, Flask, Spring Boot, ReactJS, PostgreSQL","NodeJS, AWS, Photoshop, Linux, FastAPI, VueJS, GitLab",0.19580766984624187
"Terraform, NodeJS, Flask, Azure","Photoshop, Kafka, Terraform, Git, Canva, Illustrator, VueJS, Kubernetes",0.3755028887559961
"Redis, Spring Boot, Illustrator, Terraform","Angular, RabbitMQ, Selenium, Flask, PostgreSQL, VueJS, Tableau, Photoshop",0.45502684910923025
"Flask, Cypress, Angular, GitHub, TensorFlow, MySQL","MongoDB, Docker, GCP, Figma, Git, ReactJS, RabbitMQ, MySQL",0.5253137139673039
"Spring Boot, Django, Flask, GitHub","Canva, NodeJS, Linux, Angular, Git, ReactJS, MongoDB, Elasticsearch",0.23469498723270274
"Django, GCP, MySQL, Ansible, VueJS","Redis, VueJS, ReactJS, GCP, Kubernetes",0.22518447966446795
"Git, Kafka, Power BI, Illustrator, Terraform, MySQL, Angular, Canva","Jenkins, MySQL, NodeJS, PostgreSQL, GitLab",0.395336755143014
"MySQL, TensorFlow, Canva, GitLab, Terraform","NodeJS, Ansible, Azure, PostgreSQL, PyTorch",0.4749666450684039
"Power BI, Selenium, MongoDB, NodeJS, Bash, Ansible, AWS, Figma","Power BI, Docker, MySQL, ReactJS, Flask, Spring Boot",0.4250107393689734
"Terraform, Canva, AWS, GCP, MySQL, Angular, Kafka","Canva, Terraform, Kafka, Elasticsearch, VueJS, Tableau, Figma",0.09586437511813353
"RabbitMQ, Canva, Tableau, ReactJS, Git, Selenium, VueJS, Azure","TensorFlow, Power BI, Flask, PyTorch, ReactJS, PostgreSQL, MongoDB",0.4558629168300149
"PostgreSQL, GitLab, Azure, Git","AWS, Flask, Spring Boot, Redis, Kafka, Linux, FastAPI",0.24528954306227746
"GCP, Cypress, TensorFlow, Bash, Kafka","GitLab, RabbitMQ, Docker, Elasticsearch, VueJS, Kubernetes",0.2546510062094234
"GitHub, Photoshop, Bash, RabbitMQ","PostgreSQL, GCP, Kafka, GitLab, Django",0.4942447582610231
"Django, PostgreSQL, AWS, FastAPI","Kafka, GitLab, Elasticsearch, Selenium",0.5339247906475343
"Kubernetes, Illustrator, Tableau, Spring Boot, NodeJS","Docker, PyTorch, NodeJS, Ansible, PostgreSQL",0.14412504055926006
"Photoshop, Figma, MySQL, Kafka, FastAPI","Azure, MongoDB, Power BI, Docker, VueJS, Terraform",0.23377070506739375
"Figma, Illustrator, TensorFlow, Canva, VueJS, Elasticsearch, Power BI, Docker","Selenium, Tableau, Cypress, GitHub, Linux, Bash, GitLab, Canva",0.4634878919744817
"Kafka, AWS, Selenium, GitHub, VueJS, Docker, MySQL, ReactJS","RabbitMQ, Jenkins, Power BI, GitHub, Cypress, Kafka",0.4638713217522214
"TensorFlow, Ansible, Spring Boot, Jenkins, Tableau, PostgreSQL","Bash, Photoshop, NodeJS, Linux, Elasticsearch",0.21347272721440264
"VueJS, Redis, TensorFlow, Flask, PyTorch","Selenium, Spring Boot, Ansible, Jenkins, Kafka, AWS, Redis",0.14331741313991725
"VueJS, Angular, Figma, MongoDB, Redis, TensorFlow, Cypress","Angular, Terraform, Illustrator, Jenkins, Figma",0.11379127515252482
"Selenium, AWS, Angular, Docker, Cypress","NodeJS, Spring Boot, Selenium, Cypress, AWS, MongoDB",0.3946632815496078
"Spring Boot, Photoshop, Linux, Flask, ReactJS","Bash, GCP, Angular, Selenium, Tableau, Cypress",0.1342790026160668
"TensorFlow, Power BI, Spring Boot, Terraform, Angular","VueJS, GCP, Selenium, MongoDB, Django, Docker, NodeJS",0.4435734271525057
"ReactJS, Terraform, Selenium, MySQL, Angular","PyTorch, Azure, Cypress, Git, Kafka",0.23330362238827576
"Kubernetes, Django, Terraform, Illustrator","ReactJS, Cypress, PyTorch, Flask, Jenkins, Linux, GCP",0.4328322391216656
"Selenium, Canva, Kafka, Photoshop","Azure, Flask, PostgreSQL, MySQL",0.38239441301149746
"Spring Boot, ReactJS, Django, GitLab","Tableau, GitHub, GCP, GitLab, Docker, Git, Jenkins, Azure",0.23284721277678924
"Selenium, ReactJS, Django, Figma, Canva, Cypress","Docker, Git, TensorFlow, NodeJS, RabbitMQ, Selenium, PostgreSQL, FastAPI",0.4322971091903211
"TensorFlow, Tableau, GitHub, Selenium, Kubernetes, Bash, ReactJS","Canva, Django, RabbitMQ, VueJS, MySQL, AWS, Bash, Kafka",0.492016264136246
"Terraform, Jenkins, Photoshop, MySQL, Kafka, RabbitMQ, Illustrator, GitHub","GitHub, Photoshop, Azure, MySQL, Spring Boot",0.12298008575984465
"FastAPI, Bash, Power BI, VueJS, Terraform, Ansible","GitHub, Jenkins, Tableau, Cypress, PyTorch, Azure, MongoDB, AWS",0.492209094299346
"Angular, PostgreSQL, Django, FastAPI, Azure, GCP, Elasticsearch","Photoshop, VueJS, Redis, FastAPI",0.44231956054829163
"Figma, RabbitMQ, Illustrator, ReactJS, Azure, NodeJS, Kafka","Spring Boot, GCP, TensorFlow, Photoshop, Elasticsearch, MongoDB",0.09184881716127782
"Django, GitHub, Ansible, FastAPI, Flask, Bash, Kafka","Docker, AWS, Kubernetes, Azure, VueJS",0.4213623320608243
"Figma, Power BI, Kubernetes, Cypress","Terraform, Flask, Illustrator, RabbitMQ, Git",0.14119835558020183
"Bash, Ansible, Django, GitHub","Canva, GitLab, Selenium, Elasticsearch, VueJS, Ansible",0.4713113149862881
"Jenkins, Kubernetes, Docker, Flask, Power BI","Tableau, Linux, Ansible, TensorFlow, Selenium, GitLab, GitHub, Jenkins",0.2707828926821807
"Figma, GitLab, PostgreSQL, PyTorch, Selenium, Cypress, GCP","GitHub, Tableau, Figma, GitLab, Flask, Cypress, ReactJS",0.4413184338493264
"Cypress, Angular, MongoDB, Terraform, Power BI","Cypress, Illustrator, MySQL, GCP, Linux, Power BI, Django, Selenium",0.1514728934835813
"Tableau, Jenkins, Ansible, Terraform, GitLab, GCP","MySQL, Power BI, Django, Cypress, RabbitMQ, Linux, Bash",0.5208586001823607
"GitLab, Elasticsearch, Redis, Flask, PyTorch, Django","GCP, GitLab, VueJS, Spring Boot, FastAPI, RabbitMQ, Ansible, Bash",0.43029880642454116
"Elasticsearch, GitHub, Illustrator, Photoshop","VueJS, Linux, Django, Azure, GitHub, Elasticsearch, PyTorch, Illustrator",0.21098928633905395
"Terraform, GitLab, MongoDB, Photoshop, Redis","Spring Boot, Jenkins, Kafka, Figma, PostgreSQL, Git",0.370961601409718
"MySQL, Ansible, Kafka, PyTorch","PostgreSQL, Redis, AWS, Tableau",0.12074455846156806
"Canva, Redis, AWS, Ansible, Terraform, Figma, Spring Boot, Selenium","Django, GCP, Kafka, Bash, Elasticsearch",0.4203234160638518
"Docker, Figma, Kafka, ReactJS","Azure, Ansible, Power BI, Canva, MongoDB",0.15980597323143428
"Git, Azure, NodeJS, GitHub, Redis, AWS, Canva","Illustrator, Tableau, Power BI, Git, Cypress, Figma, GitLab, Elasticsearch",0.449653857512541
"GCP, Photoshop, Bash, Linux","Spring Boot, Git, Power BI, Selenium, Azure",0.5192996314108789
"Selenium, TensorFlow, Jenkins, Power BI, GitHub, RabbitMQ","PyTorch, Spring Boot, Angular, Azure",0.5491382412199547
"MongoDB, Tableau, Azure, Kubernetes, Figma, Terraform","PostgreSQL, Illustrator, AWS, Canva, Photoshop",0.10876723440604777
"Figma, Power BI, Canva, GitLab, Docker, Flask, GitHub","ReactJS, Angular, Kafka, Figma",0.2688879558998778
"GitLab, Photoshop, RabbitMQ, Flask, Django, Kafka, Ansible, FastAPI","AWS, Photoshop, Linux, Flask, Redis",0.3993514171608433
"GitHub, NodeJS, GCP, AWS","PyTorch, GCP, Bash, GitHub, Ansible",0.1497735813726648
"Docker, Canva, MySQL, Figma, NodeJS, Spring Boot, TensorFlow, Kubernetes","TensorFlow, Jenkins, VueJS, Angular, Kubernetes",0.5202867942274888
"Illustrator, TensorFlow, Ansible, GitHub","ReactJS, PostgreSQL, FastAPI, Angular",0.2400710430694124
"FastAPI, MongoDB, ReactJS, PostgreSQL, Tableau","Selenium, MySQL, RabbitMQ, GCP, NodeJS, Tableau",0.5500913465364684
"RabbitMQ, Azure, Bash, ReactJS, AWS, TensorFlow, FastAPI, Spring Boot","Photoshop, Angular, Flask, Spring Boot, ReactJS, Docker, AWS",0.5409019715121322
"Linux, Power BI, NodeJS, Figma, Cypress, FastAPI, PyTorch","VueJS, Angular, Azure, Canva, GCP, Redis, MongoDB",0.14040016158609958
"Illustrator, FastAPI, VueJS, Spring Boot, Django, MySQL","Django, Azure, Elasticsearch, NodeJS",0.5604564940326149
"Flask, Bash, Azure, Spring Boot, Linux, Git","NodeJS, Kafka, RabbitMQ, Selenium",0.12007132888861388
"AWS, Git, GitHub, RabbitMQ, Figma","Azure, GCP, MongoDB, MySQL, Figma",0.11019991915952507
"Angular, Photoshop, MySQL, Docker","Azure, Linux, Jenkins, Kafka",0.22993342138369852
"Django, Redis, Jenkins, VueJS, Kubernetes, Bash, RabbitMQ","VueJS, PyTorch, Cypress, Kubernetes, AWS",0.11037746491146053
"Cypress, Linux, ReactJS, Spring Boot, PyTorch, TensorFlow, Figma, Git","Tableau, Kubernetes, Photoshop, PostgreSQL, Kafka",0.5599560237081238
"Photoshop, TensorFlow, AWS, Elasticsearch, GitHub","Django, VueJS, Photoshop, RabbitMQ, PostgreSQL, Canva",0.13983015152414396
"Illustrator, GCP, Git, Selenium, PyTorch, Cypress, Docker","GitHub, Git, Angular, ReactJS",0.19018781620063419
"Photoshop, Redis, VueJS, AWS, GCP, Git, PostgreSQL","Django, Ansible, PyTorch, Figma, NodeJS, ReactJS, Terraform",0.2296204503910387
"Ansible, Kubernetes, Flask, Spring Boot, Django, Elasticsearch, GitLab, GCP","ReactJS, RabbitMQ, VueJS, Tableau, TensorFlow",0.46912379921043
"Git, Spring Boot, Angular, Selenium","AWS, Linux, MongoDB, Angular, Tableau, Kubernetes",0.2690162057204969
"Spring Boot, Flask, GitLab, Bash, Tableau, Elasticsearch, NodeJS, Redis","Django, Angular, Illustrator, MongoDB",0.468764203614067
"Git, Kubernetes, Docker, Angular, AWS, Spring Boot, Bash","Kubernetes, ReactJS, PostgreSQL, Jenkins, Azure, GCP, Photoshop",0.10874355524622917
"GitHub, ReactJS, MySQL, Redis, Illustrator, PostgreSQL","Ansible, TensorFlow, Power BI, Bash, Angular, Tableau, VueJS, Linux",0.4081411482786501
"Spring Boot, Selenium, Kubernetes, Photoshop","Redis, Ansible, Terraform, NodeJS, Figma, ReactJS, Photoshop, Spring Boot",0.5582725730742878
"RabbitMQ, Angular, Flask, Azure, PostgreSQL","Kubernetes, PyTorch, ReactJS, GCP, Terraform, Bash, Redis, VueJS",0.21789851918824707
"GitHub, Redis, GitLab, Linux, Illustrator, Canva, PyTorch, Elasticsearch","PyTorch, Django, Cypress, GitLab, Flask, FastAPI, MySQL",0.1681954345264479
"Redis, Terraform, Canva, GCP, Angular, ReactJS, Power BI","TensorFlow, MySQL, Flask, Tableau",0.5079171893598396
"AWS, MySQL, Django, Angular, VueJS, Figma","AWS, PyTorch, PostgreSQL, Bash, RabbitMQ, Angular, Illustrator",0.4583480843196522
"Bash, PyTorch, Flask, Kafka, Linux, Canva, Photoshop","Azure, Redis, TensorFlow, ReactJS, GitLab, Illustrator, Tableau, NodeJS",0.09785769314526169
"Power BI, NodeJS, Kubernetes, Kafka, RabbitMQ","TensorFlow, GCP, Elasticsearch, Flask, Angular, RabbitMQ, Kafka",0.18809660946584916
"Django, PyTorch, Cypress, Git, Jenkins, GitLab, Kafka","MongoDB, Django, Kubernetes, Tableau, Illustrator, GitHub",0.4179882592743436
"PyTorch, MySQL, Django, ReactJS, Kubernetes, GCP","Ansible, Tableau, Elasticsearch, NodeJS, Django, Azure, RabbitMQ",0.44807669210101486
"RabbitMQ, MySQL, Kafka, Photoshop, Redis, GCP, Selenium, Power BI","Selenium, PyTorch, Kubernetes, Canva",0.5481249691174319
"MongoDB, VueJS, Spring Boot, Photoshop, Docker, Power BI, Kubernetes","Flask, Photoshop, PostgreSQL, Selenium, GitHub, Spring Boot, RabbitMQ, Azure",0.18842701214374918
"Figma, Tableau, Linux, MongoDB, Power BI, RabbitMQ, Spring Boot","Photoshop, Flask, Angular, GCP, Spring Boot",0.2383848339850584
"Selenium, Flask, Photoshop, GCP, Power BI, Kubernetes, Illustrator, GitLab","Git, AWS, Figma, Power BI, Tableau, Photoshop, Kafka",0.1689737014046724
"FastAPI, NodeJS, GitHub, Terraform, PostgreSQL, AWS","Terraform, VueJS, Bash, RabbitMQ, TensorFlow, Angular, MongoDB",0.09891059151936735
"ReactJS, Kafka, NodeJS, Bash","Ansible, Power BI, VueJS, GCP, RabbitMQ, NodeJS",0.42891025541501104
"Angular, Ansible, Docker, PostgreSQL, TensorFlow, Selenium","Figma, Terraform, Illustrator, PostgreSQL, Photoshop, GitHub, Jenkins, MongoDB",0.11894624153637556
"Canva, Kafka, Elasticsearch, Git","RabbitMQ, Azure, Kafka, VueJS, FastAPI, Photoshop",0.268968857573571
"PostgreSQL, Spring Boot, AWS, Canva, Jenkins, FastAPI, PyTorch","Kafka, PyTorch, GitLab, GitHub",0.1591336294430277
"RabbitMQ, AWS, Git, ReactJS, FastAPI","MongoDB, Spring Boot, Flask, Jenkins, Bash, ReactJS",0.46920906439111243
"Flask, MongoDB, Selenium, VueJS","Figma, NodeJS, RabbitMQ, Elasticsearch, VueJS",0.2493209421282956
"Selenium, PyTorch, Angular, Kubernetes, MySQL, TensorFlow","GitLab, Kubernetes, Git, AWS, Spring Boot, PyTorch, ReactJS",0.2295901653987171
"MySQL, ReactJS, Angular, RabbitMQ, Linux, GitLab","GitLab, Flask, ReactJS, PostgreSQL, Kubernetes, Django, RabbitMQ, Photoshop",0.5202527444636017
"Angular, Jenkins, TensorFlow, MongoDB, Azure","Terraform, PyTorch, Spring Boot, TensorFlow",0.370434475656443
"Power BI, Azure, PostgreSQL, NodeJS, Ansible","GCP, Elasticsearch, GitLab, Docker, Git, RabbitMQ",0.5200007884877142
"Django, PyTorch, Azure, Git, Kubernetes, Power BI","Cypress, GCP, Ansible, NodeJS, PostgreSQL, MySQL, VueJS",0.1394405379281377
"GitLab, TensorFlow, RabbitMQ, Django","Jenkins, Canva, RabbitMQ, Redis, Power BI",0.5095682510739128
"Spring Boot, GitLab, Tableau, Terraform, Power BI, TensorFlow, Illustrator, GCP","Cypress, Kafka, Canva, RabbitMQ, Docker",0.08926363558794295
"GCP, AWS, Angular, TensorFlow, Selenium, ReactJS, Flask, Docker","GCP, Azure, Git, GitHub, Angular, Cypress, Docker",0.18991973082766211
"Selenium, GitLab, Flask, VueJS, Kubernetes, FastAPI, Redis, Jenkins","Spring Boot, Redis, GitHub, Kafka",0.3802133859826761
"Cypress, PostgreSQL, Django, GitHub, TensorFlow","Power BI, FastAPI, Elasticsearch, Illustrator, Tableau, VueJS",0.4997606841415069
"Elasticsearch, Tableau, GitHub, Photoshop","Kafka, MongoDB, Docker, Figma, Selenium",0.19938070265192287
"Bash, MySQL, Django, Kafka","FastAPI, Photoshop, Selenium, Azure, GitHub, Figma, AWS",0.48876090130845773
"Azure, Tableau, Kubernetes, PyTorch, MySQL, Spring Boot","MySQL, Linux, Bash, GitHub, Kubernetes",0.2091164701540289
"Terraform, RabbitMQ, Figma, Flask, Photoshop, TensorFlow, AWS, Power BI","TensorFlow, FastAPI, Flask, Canva, Ansible, MongoDB, Power BI",0.15980356274168492
"Flask, MySQL, MongoDB, ReactJS, PostgreSQL, Illustrator","Docker, Tableau, Kafka, Git, MongoDB",0.1297725008115438
"Spring Boot, Cypress, Figma, RabbitMQ, Photoshop, GitHub","Jenkins, GitLab, Spring Boot, MySQL, GCP, PostgreSQL, Git",0.24019404234968927
"GCP, VueJS, Linux, MongoDB, Figma, Docker","Selenium, Cypress, Jenkins, Photoshop, PostgreSQL, Django, NodeJS",0.12971506410672556
"Cypress, PyTorch, NodeJS, Photoshop","GCP, Figma, Illustrator, Docker, RabbitMQ",0.1294190331657622
"Elasticsearch, MongoDB, Cypress, Tableau, Canva","GitLab, FastAPI, VueJS, Redis, Linux, Power BI, PostgreSQL",0.24911236534599385
"RabbitMQ, TensorFlow, Spring Boot, Django","Django, Elasticsearch, RabbitMQ, Redis, Kafka",0.2592171337494621
"PyTorch, Kubernetes, VueJS, Azure, Jenkins, AWS, Terraform, Redis","Figma, PostgreSQL, Cypress, Terraform, MySQL",0.46918366289202407
"Docker, Azure, PostgreSQL, GitLab, Illustrator, Photoshop","AWS, Terraform, Django, Canva, Docker",0.17892943666709388
"Kafka, NodeJS, Jenkins, PyTorch, Tableau, Cypress, AWS","Photoshop, PyTorch, Bash, ReactJS, Jenkins, VueJS, GitLab",0.519277209086989
"NodeJS, Terraform, Figma, RabbitMQ","Figma, Illustrator, Angular, Tableau",0.3994248063392061
"Jenkins, Flask, Figma, NodeJS, GCP, Kubernetes, Spring Boot, Linux","Git, Canva, Linux, NodeJS, Figma, TensorFlow, ReactJS, Tableau",0.25014564658119726
"FastAPI, Spring Boot, RabbitMQ, VueJS, GitHub, Elasticsearch, Cypress, Docker","Ansible, Redis, Kafka, GitLab, Django",0.4800167339320265
"Azure, Django, MongoDB, Canva, Elasticsearch","PyTorch, Kafka, Canva, RabbitMQ, Git, Linux, Redis",0.16007377901200662
"Azure, Kafka, Photoshop, GitLab, Illustrator","VueJS, Kafka, Linux, PostgreSQL",0.22013584838184605
"Django, Terraform, Spring Boot, Canva, Tableau, GitLab, Illustrator, GCP","AWS, FastAPI, Bash, NodeJS, Selenium, PostgreSQL, MongoDB",0.39962404012182595
"Docker, Flask, PyTorch, Django, ReactJS","RabbitMQ, Azure, Jenkins, Elasticsearch, Figma, PostgreSQL",0.21919743338505018
"Jenkins, Angular, Cypress, Terraform, AWS, ReactJS","Canva, Redis, Illustrator, TensorFlow, MongoDB, Jenkins",0.24909836629982435
"Spring Boot, TensorFlow, Canva, Docker, Tableau","Redis, Kubernetes, Flask, Azure, GitLab, Photoshop, Linux, Selenium",0.5088135219000424
"Canva, Linux, Jenkins, Angular, Spring Boot, Bash, FastAPI, Kafka","Django, ReactJS, GCP, Git, Bash, Jenkins",0.47918104183379506
"MongoDB, GCP, FastAPI, Power BI, Ansible","FastAPI, GCP, Linux, AWS, NodeJS",0.18957388145272003
"Photoshop, RabbitMQ, Canva, Azure, ReactJS, AWS, Git, GitLab","Selenium, Django, Angular, PyTorch, PostgreSQL, GitLab",0.369505831454297
"Illustrator, GitHub, Linux, Photoshop, Ansible, Canva, AWS","PyTorch, ReactJS, Tableau, Jenkins, Angular, Flask, FastAPI, Elasticsearch",0.3889159768785072
"Docker, PostgreSQL, Canva, Jenkins, Selenium","Power BI, GitLab, Jenkins, MongoDB, GCP, VueJS, Illustrator",0.3889825923092846
"MongoDB, ReactJS, Angular, Kafka, Ansible, TensorFlow","Spring Boot, Power BI, TensorFlow, MongoDB, Figma, GitLab, Ansible, Bash",0.13927052647383376
"FastAPI, Figma, ReactJS, Kubernetes, Photoshop, Azure, NodeJS, Terraform","Bash, Jenkins, Tableau, MySQL",0.24901463717178968
"Terraform, Ansible, GCP, Kubernetes","Redis, Kubernetes, Figma, Elasticsearch, VueJS, Terraform, Docker, AWS",0.439356448461438
"Django, ReactJS, VueJS, Kafka","Flask, Azure, Docker, Git",0.08913028315927932
"Canva, AWS, Terraform, Bash, VueJS, PostgreSQL, Azure","MongoDB, Linux, Power BI, Kubernetes",0.38895673280480997
"GCP, Illustrator, Jenkins, Kubernetes, Elasticsearch, GitHub","Photoshop, ReactJS, Elasticsearch, Linux",0.5291707117885838
"Terraform, Cypress, Ansible, GitHub, Azure, Kubernetes, Spring Boot","Figma, Power BI, MongoDB, Elasticsearch, FastAPI, VueJS",0.5488030553203417
"RabbitMQ, Selenium, Git, PostgreSQL, NodeJS, Illustrator, AWS, Linux","Canva, Angular, TensorFlow, Ansible, Django, Elasticsearch",0.5584830016624462
"PostgreSQL, GitLab, Git, NodeJS, Illustrator, MongoDB","Jenkins, GCP, TensorFlow, Photoshop, NodeJS",0.40854706238668215
"Bash, FastAPI, Flask, Cypress, Figma, Terraform, Selenium, PostgreSQL","Angular, Redis, Docker, PyTorch, GitHub, Tableau",0.11822272905877057
"PostgreSQL, Photoshop, Selenium, Illustrator, GitHub, Linux, MySQL, FastAPI","Kafka, PostgreSQL, Azure, Django, FastAPI, Bash",0.07863304390261056
"AWS, MongoDB, Ansible, Canva","VueJS, GCP, Cypress, PostgreSQL, Git",0.1283295021704799
"PostgreSQL, Azure, Git, Bash, Canva, Angular, Kafka","Azure, Ansible, Figma, Terraform, Elasticsearch",0.39834679089628167
"TensorFlow, Photoshop, MongoDB, Elasticsearch, Tableau, RabbitMQ, Kubernetes","TensorFlow, Canva, Selenium, GitLab, RabbitMQ, Illustrator, Angular, AWS",0.45857810546251027
"Redis, GitHub, Cypress, NodeJS, PyTorch, TensorFlow, VueJS, GCP","Jenkins, Kubernetes, Tableau, PyTorch",0.2086100298031801
"Elasticsearch, Flask, Redis, Terraform","Canva, Docker, MySQL, Kafka, VueJS",0.4981890395363575
"Bash, PostgreSQL, Azure, Docker, Tableau, Linux","MongoDB, ReactJS, Photoshop, GitHub, Ansible",0.3878385166125963
"Flask, MySQL, Django, PyTorch, Linux, Docker, Angular","ReactJS, Canva, Azure, NodeJS, TensorFlow, Jenkins, Redis, RabbitMQ",0.4274900131417742
"Ansible, Kubernetes, Selenium, Kafka","Kafka, GitLab, Power BI, GitHub, Canva, Elasticsearch, Docker",0.25741295960958477
"Photoshop, VueJS, GCP, PostgreSQL, RabbitMQ, Linux, NodeJS","Photoshop, Azure, GitLab, NodeJS, Canva, ReactJS, AWS",0.527765931692409
"Power BI, Photoshop, Spring Boot, GCP, Figma, Illustrator, PyTorch, FastAPI","Cypress, GitLab, Canva, Flask, FastAPI, Docker",0.5377096681021388
"Canva, ReactJS, Figma, GitHub, Django","RabbitMQ, AWS, Spring Boot, GCP, Figma, Tableau, Linux, Terraform",0.19751266061390366
"Ansible, Docker, GitHub, PyTorch, Angular, Django","GitLab, GitHub, TensorFlow, Elasticsearch, Git, Jenkins",0.5379746725183128
"GitLab, AWS, Cypress, Illustrator, Elasticsearch","TensorFlow, GCP, Cypress, Django, Kubernetes",0.417964336012691
"Cypress, Power BI, FastAPI, Azure, GCP, GitHub, Docker","MySQL, NodeJS, Tableau, Illustrator, Photoshop, Figma, PyTorch",0.5175735191173019
"MySQL, GCP, Kubernetes, Tableau, TensorFlow, MongoDB","Ansible, Docker, Spring Boot, Flask, Kafka, Kubernetes, Azure, RabbitMQ",0.47754691364200075
"Photoshop, VueJS, Canva, Kubernetes, Angular, Figma, Tableau, GitHub","GCP, Bash, Selenium, Canva, ReactJS, Jenkins, Spring Boot",0.20741783171489425
"Ansible, Flask, PostgreSQL, GCP, Django, Kafka","Linux, Ansible, Angular, MongoDB, Redis",0.11740519012053707
"PyTorch, ReactJS, Canva, Flask","Django, Angular, PostgreSQL, VueJS, Kubernetes, NodeJS",0.16722969331552315
"Terraform, PyTorch, Git, Flask","Azure, Power BI, Elasticsearch, ReactJS, Selenium, Bash, PostgreSQL",0.07673549293219528
"GitLab, Cypress, MySQL, GitHub, Canva, Angular, Redis","PostgreSQL, PyTorch, Terraform, Tableau, Django, Ansible",0.5564260187042609
"Django, Linux, VueJS, GCP, Spring Boot, MySQL, NodeJS","Kafka, Docker, Cypress, Terraform, Spring Boot",0.4464323953953711
"Jenkins, Power BI, MongoDB, Git, Illustrator, GitLab","Ansible, Power BI, Angular, Elasticsearch, Cypress, GCP",0.38637282072818147
"Azure, Tableau, Linux, Jenkins","Jenkins, Ansible, GitLab, Angular, FastAPI",0.236366584028615
"Kubernetes, Terraform, Canva, Ansible, Django","Linux, Figma, FastAPI, Flask, ReactJS",0.2660184658665486
"AWS, TensorFlow, Kubernetes, Spring Boot, Flask, Tableau","Illustrator, PostgreSQL, PyTorch, Terraform",0.505864433850878
"Figma, GitLab, Docker, Flask, VueJS, Ansible, Spring Boot, PostgreSQL","RabbitMQ, Kafka, Git, Selenium",0.13581113171092513
"Ansible, Photoshop, VueJS, Bash, Kafka, Azure","Tableau, Kubernetes, ReactJS, NodeJS, Git",0.09553780191487202
"PostgreSQL, Cypress, Bash, Terraform, Power BI, Tableau, Angular, GitLab","NodeJS, PostgreSQL, Photoshop, TensorFlow",0.38559717613837907
"Cypress, Angular, GitHub, Canva, Git, Figma, ReactJS","GitLab, Ansible, Bash, GCP, Azure, Terraform, Power BI",0.43540323435144446
"GitHub, Canva, NodeJS, FastAPI, GCP","Tableau, Spring Boot, Django, Canva, PostgreSQL, Photoshop",0.445377440111939
"GitHub, Linux, PyTorch, Canva, Docker, Django, RabbitMQ, Git","GitLab, FastAPI, Bash, VueJS, ReactJS, Canva, Photoshop",0.46553552577520096
"Docker, Selenium, Tableau, MySQL, Terraform","MongoDB, Django, Cypress, Terraform, Linux, Selenium, Illustrator",0.14575600011049825
"ReactJS, RabbitMQ, PyTorch, Ansible","Kubernetes, Elasticsearch, Kafka, Linux, PyTorch, RabbitMQ",0.3660602195037722
"Tableau, Flask, Angular, Kubernetes, ReactJS","VueJS, Power BI, Angular, MySQL, Canva",0.15604442402139987
"RabbitMQ, Cypress, Power BI, AWS, Django, Figma, Kubernetes","ReactJS, VueJS, RabbitMQ, Jenkins",0.5061789316880667
"Redis, Azure, MySQL, Bash, TensorFlow, NodeJS, Photoshop","Redis, Selenium, Bash, PostgreSQL, Ansible, RabbitMQ",0.10656224388417843
"MySQL, Kafka, VueJS, Ansible, Terraform, AWS, Redis","Elasticsearch, Bash, Linux, Kubernetes",0.09636125565549933
"ReactJS, Angular, GitLab, Bash, GCP, Power BI, Selenium","Jenkins, Canva, MySQL, AWS, Power BI, Ansible, Kubernetes, PostgreSQL",0.21613715804437442
"Selenium, Bash, Spring Boot, Angular, Photoshop, Figma, Flask","Linux, Power BI, Flask, MongoDB",0.09639132127043484
"Flask, MySQL, TensorFlow, Kubernetes, RabbitMQ","MongoDB, Linux, Selenium, Azure, GCP, Git, Angular, Terraform",0.21602832499200983
"Ansible, Kafka, Git, Canva","Docker, Cypress, Kafka, Spring Boot, VueJS, Kubernetes",0.10603394112455852
"Photoshop, Figma, Kafka, Bash, Django","VueJS, ReactJS, GitHub, Canva, PostgreSQL, MongoDB, Figma, Tableau",0.15584262538539098
"RabbitMQ, TensorFlow, PyTorch, Photoshop, Terraform, Kafka","Flask, PostgreSQL, Terraform, Linux",0.11590926067695312
"Power BI, Selenium, GCP, Flask, Ansible","GitHub, Canva, Redis, Terraform, Elasticsearch",0.10555809530673946
"MySQL, GitHub, Ansible, Bash, Jenkins","Tableau, Selenium, Canva, Illustrator, Elasticsearch, MySQL, Cypress, Azure",0.385120780713745
"Docker, Azure, Illustrator, Git, TensorFlow, PyTorch, NodeJS","PostgreSQL, MongoDB, Cypress, Git, Ansible",0.38520768098537694
"Kafka, Bash, TensorFlow, Selenium, Terraform, PostgreSQL","Power BI, Spring Boot, Azure, PostgreSQL, Docker",0.5453628192939187
